{
    "client_id": "1",
    "content": ["66199e2b04ec0143e5e8259df9528956",
                "ea7ff69e21758673765d2b05b0bd9339"
            ],
    "actions": 
            [{"time": 1, 
                "code": "Q",
                "content_id": "d947818e625e521b2eb5a67a3bd3918e"
            },
            {"time": 3, 
                "code": "Q",
                "content_id": "20206dc74a12fb5856dcdd54df610bff"
            },
            {"time": 4, 
                "code": "Q",
                "content_id": "226d9a8d87c688d6a4e1c471c38289f0"
            },
            {"time": 5, 
                "code": "P",
                "content_id": "226d9a8d87c688d6a4e1c471c38289f0"
            },
            {"time": 6, 
                "code": "M",
                "client_id": "7"
            }
        ]
}