{
    "client_id": "2",
    "content": ["d947818e625e521b2eb5a67a3bd3918e",
                "fe9d8c8ac41600be4210cb704d4bf4d7"
            ],
    "actions": [{"time": 1, 
                "code": "Q",
                "content_id": "226d9a8d87c688d6a4e1c471c38289f0"
            },
            {"time": 2, 
                "code": "Q",
                "content_id": "b627ac522bd66fbdf46a58912ed164cd"
            },
            {"time": 5, 
                "code": "U"
            },
            {"time": 7, 
                "code": "R"
            }
        ]
}
