{
    "client_id": "3",
    "content": ["20206dc74a12fb5856dcdd54df610bff",
                "c26bcfa31252f9903c359a3cc5be8c56"
            ],
    "actions": [{"time": 2, 
                "code": "Q",
                "content_id": "66199e2b04ec0143e5e8259df9528956"
            },
            {"time": 3, 
                "code": "Q",
                "client_id": "fe9d8c8ac41600be4210cb704d4bf4d7"
            },
            {"time": 4, 
                "code": "Q",
                "content_id": "4985b3435f87f8cb2ab11ba8e2e27591"
            },
            {"time": 6, 
                "code": "P",
                "content_id": "4985b3435f87f8cb2ab11ba8e2e27591"
            }
        ]
}
