{
    "client_id": "4",
    "content": ["b627ac522bd66fbdf46a58912ed164cd",
                "965955d79fd17bda876e2e7072c666ee"
            ],
    "actions": [{"time": 1, 
                "code": "Q",
                "content_id": "1a4b5d84a0328c4a33bd669c608a34c3"
            },
            {"time": 3, 
                "code": "Q",
                "content_id": "ea7ff69e21758673765d2b05b0bd9339"
            },
            {"time": 4, 
                "code": "U"
            }
        ]
}
