{
    "client_id": "6",
    "content": ["6b62395beb0f0bc73d0254f8713de395",
                "1a4b5d84a0328c4a33bd669c608a34c3"
            ],
            "actions": [{"time": 1, 
                "code": "Q",
                "content_id": "b78b9e865bb7e11d953601ef9cb5d2b9"
            },
            {"time": 2, 
                "code": "Q",
                "content_id": "5b6293444a99424fb21a44f2c0b465eb"
            },
            {"time": 5, 
                "code": "Q",
                "content_id": "965955d79fd17bda876e2e7072c666ee"
            },
            {"time": 6, 
                "code": "Q",
                "content_id": "226d9a8d87c688d6a4e1c471c38289f0"
            }
        ]
}