{
    "client_id": "7",
    "content": ["b78b9e865bb7e11d953601ef9cb5d2b9",
                "4985b3435f87f8cb2ab11ba8e2e27591"
            ],
            "actions": [{"time": 1, 
                "code": "Q",
                "content_id": "6b62395beb0f0bc73d0254f8713de395"
            },
            {"time": 2, 
                "code": "Q",
                "content_id": "c26bcfa31252f9903c359a3cc5be8c56"
            },
            {"time": 3, 
                "code": "Q",
                "content_id": "b627ac522bd66fbdf46a58912ed164cd"
            }
        ]
}