{
    "client_id": "8",
    "content": ["5ec17b43e9815e1ded489c8c10f8706f",
                "5b6293444a99424fb21a44f2c0b465eb"
            ],
            "actions": [{"time": 2, 
                "code": "Q",
                "content_id": "32311025eb4344e555fd476e0b5c8de2"
            },
            {"time": 3, 
                "code": "Q",
                "content_id": "6b62395beb0f0bc73d0254f8713de395"
            },
            {"time": 7, 
                "code": "Q",
                "content_id": "4985b3435f87f8cb2ab11ba8e2e27591"
            }
        ]
}